contrastBright,scaleBright,contrastDark,scaleDark,fontSizeHeader,fontSizeContent,lineHeight,fontFamily,fontWeight,_id
9.49,0.08,5.13,0.19,50,47,74,行楷,300,6270ba0196f14ef90e103884
8.76,0.09,4.32,0.23,47,33,44,行楷,300,6270bb7696f14ef90e103885
11.9,0.05,5.88,0.16,36,24,36,黑体,300,6270c07096f14ef90e103886
21,0,21,0,54,26,58,黑体,300,6270cacf96f14ef90e103887
2.65,0.37,1.81,0.5,24,18,30,黑体,300,6270d9a696f14ef90e103888
5.13,0.19,3.02,0.33,24,18,31,宋体,300,6270de5996f14ef90e103889
5.13,0.19,3.02,0.33,24,18,31,宋体,300,6270ded696f14ef90e10388a
2,0.5,2,0.5,24,18,30,黑体,300,6270df6196f14ef90e10388b
2,0.5,2,0.5,24,18,30,黑体,300,6270e00796f14ef90e10388c
2,0.5,2,0.5,24,18,30,黑体,300,6270e04d96f14ef90e10388d
2,0.5,2,0.5,24,18,30,黑体,300,6270e09e96f14ef90e10388e
2,0.5,2,0.5,24,18,30,黑体,300,6270e0d196f14ef90e10388f
2,0.5,2,0.5,24,18,30,黑体,300,6270e0d196f14ef90e103890
5.56,0.17,3.2,0.31,24,24,43,黑体,300,6270e1df96f14ef90e103891
2,0.5,2,0.5,24,18,30,黑体,300,6270e31e96f14ef90e103892
2.02,0.46,1.81,0.5,24,18,30,黑体,300,6270e34096f14ef90e103893
1.23,0.65,1.81,0.5,40,39,30,黑体,300,6270e4fc96f14ef90e103894
2.47,0.39,2.35,0.41,36,23,30,黑体,300,6270e79096f14ef90e103895
2.47,0.39,2.35,0.41,36,23,30,黑体,300,6270e7b596f14ef90e103896
2.47,0.39,2.35,0.41,36,23,30,黑体,300,6270e7b596f14ef90e103897
1.81,0.5,3.08,0.32,24,30,30,宋体,300,6270e9b296f14ef90e103898
2,0.5,2,0.5,24,18,30,黑体,300,6270e9ba96f14ef90e103899
3.33,0.3,2.8,0.35,24,18,38,黑体,300,6270edc896f14ef90e10389a
3.33,0.3,2.8,0.35,24,18,38,黑体,300,6270eee896f14ef90e10389b
5.13,0.19,3.02,0.33,24,18,31,宋体,300,6270ef1f96f14ef90e10389c
9.49,0.08,3.96,0.25,47,23,43,宋体,300,6270efb096f14ef90e10389d
2,0.5,2,0.5,24,18,30,黑体,300,6270f19f96f14ef90e10389e
2,0.5,2,0.5,24,18,30,黑体,300,6270f19f96f14ef90e10389f
2.27,0.42,3.2,0.31,33,20,37,黑体,300,6270f21996f14ef90e1038a0
7.83,0.11,6.85,0.13,29,22,47,宋体,300,6270f27796f14ef90e1038a1
4.12,0.24,3.54,0.28,65,46,60,黑体,700,6270f2b396f14ef90e1038a2
2,0.5,2,0.5,24,43,30,黑体,300,6270f2b996f14ef90e1038a3
2,0.5,2,0.5,24,25,43,黑体,700,6270f2e296f14ef90e1038a4
2,0.5,2,0.5,24,18,30,黑体,300,6270f30296f14ef90e1038a5
2,0.5,2,0.5,24,18,30,黑体,300,6270f31896f14ef90e1038a6
6.85,0.13,5.56,0.17,15,14,24,黑体,300,6270f31b96f14ef90e1038a7
2.35,0.41,2.56,0.38,25,44,40,黑体,300,6270f34b96f14ef90e1038a8
1.81,0.5,2.56,0.38,24,18,30,黑体,300,6270f39c96f14ef90e1038a9
3.02,0.33,3.69,0.27,25,26,40,黑体,300,6270f3b596f14ef90e1038aa
3.33,0.3,4.12,0.24,24,23,40,黑体,300,6270f3e896f14ef90e1038ab
0.5,24,黑体,1.81,0.44,2.13,27,42,300,6270f42196f14ef90e1038ac
10.33,0.07,9.49,0.08,64,29,47,黑体,300,6270f46a96f14ef90e1038ad
5.41,0.18,4.53,0.22,35,24,40,黑体,300,6270f4a496f14ef90e1038ae
2.2,0.43,2.35,0.41,31,24,34,黑体,300,6270f4a496f14ef90e1038af
2.7,0.36,2.47,0.39,24,18,30,黑体,300,6270f4bd96f14ef90e1038b0
2,0.5,2,0.5,24,18,30,宋体,300,6270f4e396f14ef90e1038b1
14.8,0.03,14.8,0.03,41,24,43,黑体,300,6270f50496f14ef90e1038b2
1.47,0.58,1.81,0.5,24,18,30,黑体,300,6270f53c96f14ef90e1038b3
1.81,0.5,1.04,0.72,65,48,60,黑体,700,6270f57d96f14ef90e1038b4
0.5,24,黑体,1.81,0.44,2.13,27,42,300,6270f58b96f14ef90e1038b5
2.56,0.38,1.04,0.72,65,48,60,黑体,700,6270f5ac96f14ef90e1038b6
1.81,0.5,1.04,0.72,65,48,60,黑体,700,6270f5ac96f14ef90e1038b7
2,0.5,2,0.5,24,18,30,黑体,300,6270f5b496f14ef90e1038b8
2,0.5,2,0.5,24,18,30,行楷,300,6270f5ed96f14ef90e1038b9
5.13,0.19,14.8,0.03,55,33,57,黑体,300,6270f5f896f14ef90e1038ba
2,0.5,2,0.5,24,18,30,黑体,300,6270f61a96f14ef90e1038bb
2,0.5,2,0.5,24,18,30,黑体,300,6270f62396f14ef90e1038bc
2,0.5,2,0.5,24,18,30,黑体,300,6270f62396f14ef90e1038bd
2,0.5,2,0.5,24,18,30,黑体,700,6270f66096f14ef90e1038be
6.24,0.15,5.56,0.17,32,23,38,宋体,300,6270f66896f14ef90e1038bf
2,0.5,2,0.5,24,18,30,黑体,300,6270f66996f14ef90e1038c0
1.08,0.7,1.81,0.5,24,18,30,黑体,300,6270f6a396f14ef90e1038c1
2,0.5,2,0.5,24,18,30,黑体,300,6270f6b996f14ef90e1038c2
2,0.5,2,0.5,24,18,30,黑体,300,6270f6c796f14ef90e1038c3
5.56,0.17,3.2,0.31,24,24,43,黑体,300,6270f6de96f14ef90e1038c4
2.56,0.38,1.04,0.72,65,48,60,黑体,700,6270f6f796f14ef90e1038c5
2,0.5,2,0.5,24,18,30,黑体,300,6270f74b96f14ef90e1038c6
2,0.5,2,0.5,24,18,30,行楷,300,6270f74b96f14ef90e1038c7
1.08,0.7,1.81,0.5,66,59,30,黑体,300,6270f77e96f14ef90e1038c8
1.08,0.7,1.81,0.5,66,59,30,黑体,300,6270f77e96f14ef90e1038c9
2,0.5,2,0.5,24,18,30,黑体,300,6270f78796f14ef90e1038ca
2,0.5,2,0.5,24,18,30,黑体,300,6270f79396f14ef90e1038cb
1.08,0.7,1.81,0.5,66,59,30,黑体,300,6270f79596f14ef90e1038cc
1.08,0.7,1.81,0.5,66,59,30,黑体,300,6270f79596f14ef90e1038cd
1.08,0.7,1.81,0.5,26,46,30,黑体,300,6270f79596f14ef90e1038ce
2.7,0.36,2.47,0.39,24,19,45,黑体,300,6270f81c96f14ef90e1038cf
1.08,0.7,1.81,0.5,66,59,30,黑体,300,6270f84696f14ef90e1038d0
1.08,0.7,1.81,0.5,26,46,30,黑体,300,6270f84696f14ef90e1038d1
1.08,0.7,1.81,0.5,66,59,30,黑体,300,6270f84696f14ef90e1038d2
1.58,0.55,3.02,0.33,22,20,30,黑体,300,6270f84696f14ef90e1038d3
21,0,21,0,30,25,38,宋体,300,6270f85796f14ef90e1038d4
1.01,0.73,1.01,0.73,100,100,120,行楷,700,6270f86296f14ef90e1038d5
3.08,0.32,2.7,0.36,39,39,68,行楷,700,6270f86796f14ef90e1038d6
3.08,0.32,2.7,0.36,39,39,68,行楷,700,6270f87c96f14ef90e1038d7
21,0,7.31,0.12,32,25,36,黑体,300,6270f89096f14ef90e1038d8
21,0,21,0,29,28,42,黑体,300,6270f89396f14ef90e1038d9
1.73,0.52,1.51,0.57,24,64,30,黑体,300,6270f89496f14ef90e1038da
3.08,0.32,2.7,0.36,39,39,68,行楷,700,6270f89e96f14ef90e1038db
3.08,0.32,2.7,0.36,39,39,68,行楷,700,6270f89e96f14ef90e1038dc
3.69,0.27,2.56,0.38,26,20,46,黑体,300,6270f8c096f14ef90e1038dd
1.87,0.49,2.13,0.44,41,41,64,宋体,700,6270f8dd96f14ef90e1038de
1.4,0.6,1.81,0.5,54,47,30,黑体,300,6270f8e496f14ef90e1038df
1.87,0.49,2.13,0.44,41,44,64,宋体,700,6270f8f096f14ef90e1038e0
1.87,0.49,2.13,0.44,41,41,64,宋体,700,6270f8f096f14ef90e1038e1
2,0.5,2,0.5,24,18,30,黑体,300,6270f90396f14ef90e1038e2
2,0.5,2,0.5,46,29,53,黑体,700,6270f92c96f14ef90e1038e3
3.54,0.28,2.65,0.37,7,11,30,黑体,300,6270f92f96f14ef90e1038e4
1.68,0.53,1.2,0.66,49,43,89,黑体,300,6270f93e96f14ef90e1038e5
2,0.5,2,0.5,24,18,30,宋体,700,6270f95096f14ef90e1038e6
2,0.5,2,0.5,46,38,53,黑体,700,6270f97196f14ef90e1038e7
3.54,0.28,6.24,0.15,7,11,30,黑体,300,6270f97596f14ef90e1038e8
1.01,0.73,1.01,0.73,100,100,120,黑体,700,6270f98796f14ef90e1038e9
7.31,0.12,6.63,0.14,26,26,45,黑体,300,6270f99596f14ef90e1038ea
8.43,0.1,2.56,0.38,24,23,30,黑体,300,6270f9a196f14ef90e1038eb
3.54,0.28,6.24,0.15,7,11,30,黑体,300,6270f9ae96f14ef90e1038ec
2,0.5,2,0.5,24,18,30,黑体,300,6270f9b196f14ef90e1038ed
1.96,0.47,1.81,0.5,24,18,30,黑体,300,6270f9bd96f14ef90e1038ee
1.96,0.47,1.81,0.5,24,18,30,黑体,300,6270f9c996f14ef90e1038ef
2,0.5,2,0.5,24,18,30,黑体,300,6270f9cd96f14ef90e1038f0
2.91,0.34,3.54,0.28,22,17,40,黑体,300,6270f9ce96f14ef90e1038f1
1.81,0.5,2.13,0.44,24,18,30,黑体,300,6270f9cf96f14ef90e1038f2
1.96,0.47,1.81,0.5,24,18,30,黑体,300,6270f9e696f14ef90e1038f3
1.96,0.47,1.81,0.5,24,18,30,黑体,300,6270f9e696f14ef90e1038f4
21,0,21,0,20,19,25,黑体,300,6270f9ed96f14ef90e1038f5
8.43,0.1,7.31,0.12,32,25,30,黑体,300,6270f9ee96f14ef90e1038f6
2,0.5,2,0.5,24,18,30,黑体,300,6270f9ef96f14ef90e1038f7
2.91,0.34,1.81,0.5,24,20,30,黑体,300,6270fa0a96f14ef90e1038f8
1.42,0.59,1.4,0.6,11,11,41,黑体,300,6270fa1596f14ef90e1038f9
3.2,0.31,3.33,0.3,54,32,71,黑体,700,6270fa1b96f14ef90e1038fa
2,0.5,2,0.5,24,18,30,黑体,300,6270fa1e96f14ef90e1038fb
8.43,0.1,7.31,0.12,32,25,30,黑体,300,6270fa2e96f14ef90e1038fc
2.91,0.34,1.81,0.5,24,20,30,黑体,300,6270fa3a96f14ef90e1038fd
2.91,0.34,1.81,0.5,24,20,30,黑体,300,6270fa3a96f14ef90e1038fe
1.81,0.5,2.13,0.44,24,18,30,黑体,300,6270fa4296f14ef90e1038ff
5.41,0.18,4.87,0.2,30,33,48,黑体,700,6270fa5396f14ef90e103900
1.01,0.73,1.01,0.73,100,100,120,黑体,700,6270fa5396f14ef90e103901
2.65,0.37,1.81,0.5,24,18,30,黑体,300,6270fa6496f14ef90e103902
1.81,0.5,3.54,0.28,32,22,35,黑体,300,6270fa6596f14ef90e103903
6.85,0.13,4.12,0.24,26,24,48,黑体,300,6270fa6c96f14ef90e103904
2,0.5,2,0.5,24,18,30,黑体,300,6270fa6d96f14ef90e103905
1.81,0.5,3.02,0.33,24,27,30,黑体,300,6270fa7796f14ef90e103906
1.81,0.5,2.39,0.4,26,25,37,黑体,300,6270fa7e96f14ef90e103907
1.01,0.73,1.81,0.5,100,99,30,黑体,300,6270fa8b96f14ef90e103908
2.2,0.43,2.35,0.41,24,18,30,黑体,300,6270fa9096f14ef90e103909
1.01,0.73,1.81,0.5,100,99,30,黑体,300,6270faa496f14ef90e10390a
2.65,0.37,2.35,0.41,74,83,30,宋体,300,6270faa496f14ef90e10390b
1.81,0.5,1.81,0.5,28,27,42,行楷,700,6270faa896f14ef90e10390c
5.41,0.18,3.08,0.32,26,22,36,黑体,300,6270fab196f14ef90e10390d
7.31,0.12,5.13,0.19,43,46,48,黑体,700,6270fac396f14ef90e10390e
14.8,0.03,8.43,0.1,36,33,62,黑体,300,6270face96f14ef90e10390f
2.91,0.34,1.81,0.5,24,32,30,黑体,300,6270face96f14ef90e103910
2,0.5,2,0.5,24,18,30,黑体,300,6270facf96f14ef90e103911
18.02,0.01,11.9,0.05,18,14,26,行楷,300,6270fad696f14ef90e103912
2,0.5,2,0.5,23,29,56,黑体,300,6270fb1096f14ef90e103913
1.01,0.73,1.81,0.5,100,99,30,黑体,300,6270fb2596f14ef90e103914
2.65,0.37,2.35,0.41,74,83,30,宋体,300,6270fb2596f14ef90e103915
2.65,0.37,2.35,0.41,46,30,42,宋体,300,6270fb2596f14ef90e103916
1.81,0.5,2.39,0.4,26,25,37,黑体,300,6270fb2896f14ef90e103917
2,0.5,2,0.5,24,18,30,行楷,300,6270fb3696f14ef90e103918
2,0.5,2,0.5,27,30,31,行楷,300,6270fb3f96f14ef90e103919
2,0.5,2,0.5,24,27,30,黑体,700,6270fb4696f14ef90e10391a
8.43,0.1,7.31,0.12,32,25,30,黑体,300,6270fb4896f14ef90e10391b
4.64,0.21,1.81,0.5,16,30,30,宋体,300,6270fb7096f14ef90e10391c
2,0.5,2,0.5,23,29,56,黑体,300,6270fb7096f14ef90e10391d
2,0.5,2,0.5,23,29,38,黑体,300,6270fb7096f14ef90e10391e
1.81,0.5,3.96,0.25,35,18,33,黑体,700,6270fb7596f14ef90e10391f
2,0.5,2,0.5,24,18,30,黑体,300,6270fb7b96f14ef90e103920
11.9,0.05,3.2,0.31,24,24,30,黑体,300,6270fb8d96f14ef90e103921
2,0.5,2,0.5,24,18,30,黑体,300,6270fb9696f14ef90e103922
2,0.5,2,0.5,54,37,58,黑体,300,6270fb9996f14ef90e103923
3.69,0.27,4.87,0.2,24,18,28,黑体,300,6270fbac96f14ef90e103924
2.2,0.43,2.09,0.45,24,18,30,黑体,300,6270fbb796f14ef90e103925
2,0.5,2,0.5,27,30,31,行楷,300,6270fbb896f14ef90e103926
2,0.5,2,0.5,24,18,30,黑体,300,6270fbbb96f14ef90e103927
1.81,0.5,3.96,0.25,35,14,33,黑体,700,6270fbbc96f14ef90e103928
3.02,0.33,2.27,0.42,32,22,27,黑体,300,6270fbd796f14ef90e103929
2,0.5,2,0.5,24,18,30,黑体,300,6270fbe696f14ef90e10392a
2,0.5,2,0.5,24,18,30,黑体,300,6270fbfd96f14ef90e10392b
1.63,0.54,2.02,0.46,93,100,107,黑体,700,6270fc2996f14ef90e10392c
1.81,0.5,2.2,0.43,25,21,41,宋体,300,6270fc3996f14ef90e10392d
7.83,0.11,5.13,0.19,37,29,41,黑体,300,6270fc4196f14ef90e10392e
2,0.5,2,0.5,24,18,30,黑体,300,6270fc7e96f14ef90e10392f
2.47,0.39,1.81,0.5,24,18,30,黑体,300,6270fc8096f14ef90e103930
2,0.5,2,0.5,24,18,30,黑体,300,6270fc8596f14ef90e103931
2,0.5,2,0.5,24,18,30,黑体,300,6270fca396f14ef90e103932
2.8,0.35,2.35,0.41,23,20,37,黑体,300,6270fca996f14ef90e103933
2.7,0.36,1.81,0.5,24,18,30,黑体,300,6270fca996f14ef90e103934
2,0.5,2,0.5,24,18,30,黑体,300,6270fcb796f14ef90e103935
2,0.5,2,0.5,24,18,30,黑体,300,6270fcbb96f14ef90e103936
2.2,0.43,5.41,0.18,39,30,43,宋体,300,6270fcbe96f14ef90e103937
21,0,21,0,36,25,37,黑体,300,6270fcd096f14ef90e103938
18.02,0.01,1.81,0.5,24,18,30,黑体,300,6270fcd696f14ef90e103939
4.87,0.2,21,0,13,19,65,行楷,700,6270fce196f14ef90e10393a
3.69,0.27,5.13,0.19,27,48,88,黑体,300,6270fce196f14ef90e10393b
2,0.5,2,0.5,24,18,30,黑体,300,6270fce296f14ef90e10393c
2,0.5,2,0.5,24,18,30,黑体,300,6270fce296f14ef90e10393d
2,0.5,2,0.5,21,13,30,行楷,300,6270fcfc96f14ef90e10393e
18.02,0.01,1.81,0.5,24,18,30,黑体,300,6270fd0396f14ef90e10393f
2,0.5,2,0.5,33,15,30,黑体,300,6270fd1196f14ef90e103940
2,0.5,2,0.5,24,18,38,行楷,300,6270fd1796f14ef90e103941
2.91,0.34,1.81,0.5,24,27,30,黑体,300,6270fd2396f14ef90e103942
6.24,0.15,5.88,0.16,24,18,30,黑体,300,6270fd4696f14ef90e103943
2,0.5,2,0.5,24,18,30,黑体,300,6270fd4d96f14ef90e103944
11.33,0.06,13.2,0.04,50,50,92,行楷,300,6270fd5e96f14ef90e103945
2,0.5,2,0.5,33,15,30,黑体,300,6270fd8296f14ef90e103946
1.56,0.56,1.81,0.5,24,18,30,黑体,300,6270fd8396f14ef90e103947
2,0.5,2,0.5,24,18,71,黑体,300,6270fdb596f14ef90e103948
2,0.5,2,0.5,24,18,30,黑体,300,6270fdb996f14ef90e103949
2,0.5,2,0.5,42,31,30,宋体,300,6270fdcb96f14ef90e10394a
8.76,0.09,3.86,0.26,37,34,44,黑体,300,6270fde896f14ef90e10394b
2.7,0.36,2.56,0.38,24,26,38,行楷,300,6270fdf896f14ef90e10394c
2.91,0.34,1.81,0.5,31,22,36,黑体,300,6270fdfc96f14ef90e10394d
3.47,0.29,2.7,0.36,24,26,51,黑体,300,6270fe0496f14ef90e10394e
2,0.5,2,0.5,24,18,31,行楷,700,6270fe0a96f14ef90e10394f
1.27,0.64,1.81,0.5,28,30,30,黑体,300,6270fe6e96f14ef90e103950
2,0.5,2,0.5,24,18,30,黑体,300,6270fe7196f14ef90e103951
5.13,0.19,21,0,32,21,40,黑体,300,6270fe7596f14ef90e103952
2,0.5,2,0.5,33,31,30,黑体,300,6270fe7996f14ef90e103953
2,0.5,2,0.5,24,18,30,黑体,300,6270fe8c96f14ef90e103954
2,0.5,2,0.5,24,18,30,黑体,300,6270feab96f14ef90e103955
2,0.5,2,0.5,300,36,32,62,宋体,6270feb496f14ef90e103956
2,0.5,2,0.5,24,18,30,黑体,300,6270feb896f14ef90e103957
2,0.5,2,0.5,24,18,30,黑体,300,6270ff0f96f14ef90e103958
2,0.5,2,0.5,24,18,30,黑体,300,6270ff6796f14ef90e103959
1.81,0.5,1.96,0.47,17,18,30,黑体,300,6270ff7796f14ef90e10395a
2,0.5,2,0.5,300,36,32,62,宋体,6270ff8096f14ef90e10395b
11.33,0.06,21,0,49,35,62,黑体,700,6270ff9696f14ef90e10395c
5.56,0.17,5.41,0.18,28,29,42,宋体,300,6270ff9996f14ef90e10395d
21,0,21,0,20,12,25,黑体,300,6270ffbb96f14ef90e10395e
3.08,0.32,1.81,0.5,24,18,30,黑体,300,6270ffc396f14ef90e10395f
3.08,0.32,1.81,0.5,24,18,30,黑体,300,6270ffc396f14ef90e103960
1.81,0.5,3.96,0.25,24,18,30,黑体,300,6270ffe196f14ef90e103961
2.91,0.34,1.81,0.5,24,27,30,黑体,300,6271000a96f14ef90e103962
2,0.5,2,0.5,24,18,30,黑体,300,6271002096f14ef90e103963
2,0.5,2,0.5,41,43,55,黑体,700,6271004a96f14ef90e103964
2,0.5,2,0.5,24,18,30,黑体,300,6271005d96f14ef90e103965
6.24,0.15,2.39,0.4,24,18,30,黑体,300,6271006696f14ef90e103966
2,0.5,2,0.5,24,18,30,黑体,300,627100ac96f14ef90e103967
8.76,0.09,3.86,0.26,37,34,44,黑体,300,627100df96f14ef90e103968
4.32,0.23,4.12,0.24,23,21,27,宋体,300,627100e696f14ef90e103969
2,0.5,2,0.5,24,18,30,黑体,300,6271010b96f14ef90e10396a
2,0.5,2,0.5,24,18,30,黑体,300,6271011996f14ef90e10396b
2,0.5,2,0.5,24,18,30,黑体,300,6271011996f14ef90e10396c
21,0,21,0,21,17,35,黑体,300,6271011996f14ef90e10396d
3.02,0.33,2.8,0.35,35,28,38,行楷,700,6271014796f14ef90e10396e
2,0.5,2,0.5,24,18,30,行楷,300,6271016296f14ef90e10396f
2,0.5,2,0.5,24,18,30,黑体,300,6271019996f14ef90e103970
21,0,21,0,1,14,25,黑体,300,6271019d96f14ef90e103971
2,0.5,2,0.5,33,32,57,黑体,300,627101b596f14ef90e103972
8.76,0.09,3.47,0.29,37,29,28,宋体,300,627101d496f14ef90e103973
3.86,0.26,2.35,0.41,33,26,40,黑体,700,627101d496f14ef90e103974
21,0,21,0,1,14,25,黑体,300,627101dc96f14ef90e103975
21,0,21,0,1,14,25,黑体,300,627101dc96f14ef90e103976
3.2,0.31,7.31,0.12,29,23,42,黑体,700,627101e796f14ef90e103977
21,0,21,0,1,14,25,黑体,300,627101eb96f14ef90e103978
21,0,21,0,1,14,25,黑体,300,627101eb96f14ef90e103979
21,0,21,0,1,16,25,黑体,300,627101eb96f14ef90e10397a
2,0.5,2,0.5,24,59,30,黑体,300,6271020a96f14ef90e10397b
10.33,0.07,8.43,0.1,21,22,30,黑体,300,6271021196f14ef90e10397c
2,0.5,2,0.5,24,18,30,黑体,300,6271022296f14ef90e10397d
2,0.5,2,0.5,24,18,30,黑体,300,6271022f96f14ef90e10397e
5.41,0.18,5.88,0.16,24,18,31,黑体,300,6271023496f14ef90e10397f
10.33,0.07,8.43,0.1,21,22,30,黑体,300,6271025896f14ef90e103980
10.33,0.07,8.43,0.1,21,22,30,黑体,300,6271025896f14ef90e103981
2,0.5,2,0.5,24,18,30,黑体,300,627102a496f14ef90e103982
2.09,0.45,2.56,0.38,24,25,43,黑体,700,627102c096f14ef90e103983
2,0.5,2,0.5,24,18,30,黑体,300,627102d096f14ef90e103984
2,0.5,2,0.5,24,18,30,黑体,300,627102de96f14ef90e103985
21,0,21,0,34,26,38,黑体,700,627102f496f14ef90e103986
2,0.5,2,0.5,24,18,30,黑体,300,627102f696f14ef90e103987
2,0.5,2,0.5,24,18,30,黑体,300,627102f696f14ef90e103988
2,0.5,2,0.5,24,18,30,黑体,300,6271033096f14ef90e103989
13.2,0.04,2.39,0.4,17,31,67,宋体,700,6271033396f14ef90e10398a
11.9,0.05,4.64,0.21,24,18,30,宋体,300,6271033696f14ef90e10398b
2,0.5,2,0.5,24,18,30,黑体,300,6271033996f14ef90e10398c
2.2,0.43,2.35,0.41,24,18,30,黑体,300,6271035296f14ef90e10398d
2,0.5,2,0.5,24,18,30,黑体,300,627103b996f14ef90e10398e
4.12,0.24,1.81,0.5,40,30,35,行楷,700,627103d296f14ef90e10398f
7.31,0.12,21,0,36,28,60,黑体,700,6271040596f14ef90e103990
1.81,0.5,2.65,0.37,24,18,30,黑体,300,6271041196f14ef90e103991
5.41,0.18,3.08,0.32,26,22,36,黑体,300,6271044496f14ef90e103992
2,0.5,2,0.5,24,18,30,黑体,300,6271045396f14ef90e103993
2.2,0.43,2.56,0.38,43,28,37,黑体,700,627104a696f14ef90e103994
21,0,4.12,0.24,47,46,83,黑体,300,627104cb96f14ef90e103995
21,0,21,0,35,24,50,行楷,700,627104e296f14ef90e103996
3.86,0.26,3.54,0.28,33,26,40,黑体,700,6271052296f14ef90e103997
14.8,0.03,5.56,0.17,35,29,42,黑体,700,6271053e96f14ef90e103998
4.53,0.22,4.87,0.2,26,68,76,行楷,300,6271054396f14ef90e103999
3.08,0.32,2.27,0.42,44,33,52,黑体,700,6271056596f14ef90e10399a
1.68,0.53,1.73,0.52,6,4,18,黑体,300,6271057f96f14ef90e10399b
1.2,0.66,14.8,0.03,22,50,68,行楷,300,627105fa96f14ef90e10399c
2.27,0.42,1.81,0.5,24,18,30,黑体,300,6271060096f14ef90e10399d
2.27,0.42,1.81,0.5,24,18,30,黑体,300,6271060096f14ef90e10399e
2,0.5,2,0.5,24,18,30,黑体,300,6271060396f14ef90e10399f
2,0.5,2,0.5,24,18,30,黑体,300,6271064e96f14ef90e1039a0
2,0.5,2,0.5,24,27,30,黑体,300,627106ce96f14ef90e1039a1
2,0.5,2,0.5,24,18,30,黑体,300,627106d096f14ef90e1039a2
2,0.5,2,0.5,24,18,30,黑体,300,627106e096f14ef90e1039a3
6.85,0.13,5.41,0.18,17,18,22,黑体,300,6271074596f14ef90e1039a4
2,0.5,2,0.5,24,18,30,黑体,300,6271074696f14ef90e1039a5
2,0.5,2,0.5,24,18,30,黑体,300,6271074696f14ef90e1039a6
1.81,0.5,3.69,0.27,35,29,44,黑体,300,627107c096f14ef90e1039a7
1.81,0.5,2.7,0.36,43,34,52,黑体,300,627107f196f14ef90e1039a8
2,0.5,2,0.5,37,38,51,黑体,300,627107f596f14ef90e1039a9
2,0.5,2,0.5,24,18,30,黑体,300,6271084c96f14ef90e1039aa
2.56,0.38,3.54,0.28,24,29,47,黑体,300,6271086a96f14ef90e1039ab
2,0.5,2,0.5,24,18,30,黑体,300,6271097396f14ef90e1039ac
2,0.5,2,0.5,24,18,30,黑体,300,6271098a96f14ef90e1039ad
3.08,0.32,5.41,0.18,17,18,22,黑体,300,62710be296f14ef90e1039ae
2,0.5,2,0.5,40,27,30,黑体,300,62710bf196f14ef90e1039af
6.85,0.13,4.87,0.2,28,30,68,黑体,300,62710c1696f14ef90e1039b0
2,0.5,2,0.5,24,18,30,黑体,300,62710c2196f14ef90e1039b1
6.85,0.13,4.87,0.2,28,30,68,黑体,300,62710c2c96f14ef90e1039b2
6.85,0.13,4.87,0.2,28,30,68,黑体,300,62710c2c96f14ef90e1039b3
2,0.5,2,0.5,24,18,49,宋体,300,62710c4896f14ef90e1039b4
21,0,3.2,0.31,53,31,55,行楷,700,62710c6b96f14ef90e1039b5
21,0,3.2,0.31,53,31,55,行楷,700,62710caf96f14ef90e1039b6
2,0.5,2,0.5,24,18,30,黑体,300,62710cc496f14ef90e1039b7
3.86,0.26,3.54,0.28,33,26,40,黑体,700,62710cdd96f14ef90e1039b8
1.81,0.5,2.09,0.45,24,18,47,黑体,300,62710cef96f14ef90e1039b9
2,0.5,2,0.5,24,18,30,黑体,300,62710cff96f14ef90e1039ba
2,0.5,2,0.5,24,17,30,黑体,300,62710cff96f14ef90e1039bb
3.96,0.25,2.02,0.46,33,57,55,行楷,300,62710d3196f14ef90e1039bc
2,0.5,2,0.5,24,18,30,黑体,300,62710d7a96f14ef90e1039bd
8.76,0.09,3.69,0.27,48,31,43,黑体,300,62710d9396f14ef90e1039be
3.33,0.3,2.56,0.38,24,18,36,宋体,300,62710d9796f14ef90e1039bf
1.96,0.47,4.12,0.24,51,30,49,黑体,700,62710d9996f14ef90e1039c0
1.81,0.5,2.02,0.46,24,18,30,黑体,300,62710db496f14ef90e1039c1
2,0.5,2,0.5,24,18,30,黑体,300,62710dd796f14ef90e1039c2
2,0.5,2,0.5,24,21,30,行楷,300,62710de496f14ef90e1039c3
2,0.5,2,0.5,24,18,30,黑体,300,62710e0696f14ef90e1039c4
13.2,0.04,3.47,0.29,17,31,67,宋体,700,62710e0d96f14ef90e1039c5
3.96,0.25,2.02,0.46,33,57,55,行楷,300,62710e0d96f14ef90e1039c6
7.31,0.12,5.88,0.16,24,18,30,黑体,300,62710e1896f14ef90e1039c7
2.56,0.38,3.54,0.28,24,29,47,黑体,300,62710e2b96f14ef90e1039c8
3.02,0.33,3.02,0.33,24,19,30,黑体,300,62710e2c96f14ef90e1039c9
2.56,0.38,3.54,0.28,24,29,47,黑体,300,62710e3f96f14ef90e1039ca
2.56,0.38,3.54,0.28,24,29,47,黑体,300,62710e3f96f14ef90e1039cb
3.02,0.33,3.47,0.29,24,18,30,黑体,300,62710e6696f14ef90e1039cc
2,0.5,2,0.5,24,18,30,黑体,300,62710e7196f14ef90e1039cd
3.96,0.25,2.7,0.36,24,18,88,行楷,300,62710eb096f14ef90e1039ce
1.81,0.5,2.02,0.46,24,18,30,黑体,300,62710eb396f14ef90e1039cf
2.65,0.37,1.63,0.54,36,68,78,宋体,300,62710ece96f14ef90e1039d0
21,0,21,0,22,18,30,宋体,300,62710edf96f14ef90e1039d1
1.29,0.63,1.56,0.56,74,77,66,宋体,700,62710f2996f14ef90e1039d2
2,0.5,2,0.5,24,18,30,黑体,300,62710f9296f14ef90e1039d3
3.2,0.31,7.31,0.12,29,23,42,黑体,700,62710fb596f14ef90e1039d4
2,0.5,2,0.5,24,18,30,行楷,700,62710fbb96f14ef90e1039d5
2,0.5,2,0.5,24,18,30,黑体,300,62710fbf96f14ef90e1039d6
2,0.5,2,0.5,24,18,30,黑体,300,62710fbf96f14ef90e1039d7
13.2,0.04,3.33,0.3,44,34,59,黑体,700,62710fd796f14ef90e1039d8
2,0.5,2,0.5,24,18,30,黑体,300,6271100a96f14ef90e1039d9
2,0.5,2,0.5,24,18,30,黑体,300,6271101696f14ef90e1039da
2,0.5,2,0.5,24,18,30,黑体,300,6271101696f14ef90e1039db
2,0.5,2,0.5,24,18,30,黑体,300,6271101696f14ef90e1039dc
2.02,0.46,1.81,0.5,24,18,30,黑体,300,6271102096f14ef90e1039dd
2,0.5,2,0.5,24,18,30,黑体,300,6271102d96f14ef90e1039de
2,0.5,2,0.5,24,18,30,黑体,300,6271103196f14ef90e1039df
2,0.5,2,0.5,24,18,30,黑体,300,6271103196f14ef90e1039e0
1.9,0.48,2.56,0.38,66,45,63,宋体,700,6271103c96f14ef90e1039e1
2,0.5,2,0.5,24,18,30,黑体,300,6271103f96f14ef90e1039e2
2,0.5,2,0.5,24,18,30,黑体,300,6271103f96f14ef90e1039e3
2,0.5,2,0.5,24,18,30,黑体,300,6271104096f14ef90e1039e4
2,0.5,2,0.5,24,18,30,黑体,300,6271104096f14ef90e1039e5
2,0.5,2,0.5,24,18,30,黑体,300,6271104c96f14ef90e1039e6
2,0.5,2,0.5,24,18,30,黑体,300,6271104c96f14ef90e1039e7
2,0.5,2,0.5,24,18,30,黑体,300,6271104c96f14ef90e1039e8
2.2,0.43,2.09,0.45,51,27,30,黑体,300,6271105596f14ef90e1039e9
2,0.5,2,0.5,24,18,30,黑体,300,6271106096f14ef90e1039ea
21,0,21,0,45,35,90,黑体,700,6271107596f14ef90e1039eb
2,0.5,2,0.5,24,18,30,行楷,700,6271107b96f14ef90e1039ec
1.81,0.5,1.76,0.51,36,27,47,黑体,700,6271109396f14ef90e1039ed
21,0,21,0,45,35,90,黑体,700,6271109c96f14ef90e1039ee
21,0,21,0,45,35,90,黑体,700,6271109c96f14ef90e1039ef
2,0.5,2,0.5,24,18,30,黑体,300,627110a496f14ef90e1039f0
8.43,0.1,3.2,0.31,35,51,60,行楷,700,627110b396f14ef90e1039f1
21,0,21,0,49,42,55,黑体,700,627110ba96f14ef90e1039f2
8.43,0.1,3.2,0.31,35,51,60,行楷,700,627110ca96f14ef90e1039f3
2,0.5,2,0.5,24,18,30,黑体,300,6271111496f14ef90e1039f4
2,0.5,2,0.5,24,18,30,黑体,300,6271111496f14ef90e1039f5
2,0.5,2,0.5,24,18,30,黑体,300,6271111496f14ef90e1039f6
1.76,0.51,2.65,0.37,37,16,30,黑体,300,6271111c96f14ef90e1039f7
8.43,0.1,3.2,0.31,35,51,60,行楷,700,6271111e96f14ef90e1039f8
8.43,0.1,3.2,0.31,35,51,60,行楷,700,6271111e96f14ef90e1039f9
2,0.5,2,0.5,24,18,30,黑体,300,6271112796f14ef90e1039fa
2,0.5,2,0.5,24,18,30,黑体,300,6271112f96f14ef90e1039fb
2,0.5,2,0.5,24,18,30,黑体,300,6271112f96f14ef90e1039fc
2,0.5,2,0.5,24,18,30,黑体,300,6271112f96f14ef90e1039fd
2.27,0.42,1.81,0.5,24,18,30,黑体,300,6271113196f14ef90e1039fe
8.76,0.09,9.49,0.08,31,30,47,黑体,300,6271114696f14ef90e1039ff
6.63,0.14,4.87,0.2,38,26,45,黑体,300,6271115696f14ef90e103a00
2,0.5,2,0.5,24,18,30,黑体,300,6271115f96f14ef90e103a01
2,0.5,2,0.5,24,18,30,黑体,300,6271115f96f14ef90e103a02
2,0.5,2,0.5,24,18,30,黑体,300,6271115f96f14ef90e103a03
2,0.5,2,0.5,24,18,30,黑体,300,6271115f96f14ef90e103a04
6.63,0.14,4.87,0.2,38,26,45,黑体,300,6271116896f14ef90e103a05
6.63,0.14,4.87,0.2,38,26,45,黑体,300,6271116896f14ef90e103a06
2,0.5,2,0.5,24,18,30,黑体,300,6271118796f14ef90e103a07
2,0.5,2,0.5,24,18,30,黑体,300,6271118796f14ef90e103a08
2,0.5,2,0.5,24,18,30,黑体,300,6271119696f14ef90e103a09
21,0,21,0,31,18,52,宋体,700,627111a396f14ef90e103a0a
2.47,0.39,2.27,0.42,37,32,48,黑体,300,627111b196f14ef90e103a0b
2.47,0.39,2.27,0.42,37,32,48,黑体,300,6271121c96f14ef90e103a0c
2.47,0.39,2.27,0.42,37,32,48,黑体,300,6271121c96f14ef90e103a0d
21,0,21,0,24,18,30,行楷,300,627112a096f14ef90e103a0e
3.2,0.31,9.49,0.08,27,24,40,黑体,300,627112b096f14ef90e103a0f
4.53,0.22,2.7,0.36,38,38,52,黑体,700,627112d796f14ef90e103a10
21,0,21,0,24,18,30,行楷,300,627112e496f14ef90e103a11
21,0,21,0,24,18,30,行楷,300,627112e596f14ef90e103a12
3.86,0.26,3.47,0.29,33,20,53,行楷,700,6271130d96f14ef90e103a13
21,0,21,0,24,18,30,行楷,300,6271130e96f14ef90e103a14
21,0,21,0,24,18,30,行楷,300,6271130e96f14ef90e103a15
21,0,21,0,24,23,30,行楷,300,6271130e96f14ef90e103a16
2.02,0.46,1.81,0.5,21,21,64,黑体,300,6271132b96f14ef90e103a17
1.96,0.47,1.81,0.5,24,18,30,黑体,300,6271143496f14ef90e103a18
21,0,14.8,0.03,100,100,120,黑体,300,6271144496f14ef90e103a19
2,0.5,2,0.5,24,18,30,宋体,300,6271145a96f14ef90e103a1a
9.49,0.08,3.96,0.25,39,32,36,黑体,300,6271155d96f14ef90e103a1b
5.13,0.19,2.2,0.43,32,31,51,黑体,300,6271157496f14ef90e103a1c
2.8,0.35,3.2,0.31,36,28,42,宋体,300,627115af96f14ef90e103a1d
4.64,0.21,3.96,0.25,49,23,92,行楷,700,627115f496f14ef90e103a1e
2,0.5,2,0.5,37,22,31,黑体,300,6271163b96f14ef90e103a1f
2,0.5,2,0.5,50,28,52,黑体,300,627116a596f14ef90e103a20
2,0.5,2,0.5,24,18,30,黑体,300,627117cd96f14ef90e103a21
2,0.5,2,0.5,24,18,30,黑体,300,6271187d96f14ef90e103a22
2,0.5,2,0.5,24,18,30,黑体,300,6271189e96f14ef90e103a23
1.81,0.5,1.4,0.6,24,18,30,黑体,300,6271194496f14ef90e103a24
2,0.5,2,0.5,24,18,30,黑体,300,6271198996f14ef90e103a25
21,0,1.81,0.5,35,25,51,宋体,300,62711b7396f14ef90e103a26
2,0.5,2,0.5,24,18,30,黑体,300,62711c1396f14ef90e103a27
21,0,1.81,0.5,35,25,51,宋体,300,62711c2296f14ef90e103a28
21,0,2.91,0.34,35,25,51,宋体,300,62711cde96f14ef90e103a29
2,0.5,2,0.5,24,46,30,黑体,300,62711ce196f14ef90e103a2a
2,0.5,2,0.5,24,18,30,黑体,300,62711cfc96f14ef90e103a2b
2,0.5,2,0.5,24,18,30,黑体,300,62711d3096f14ef90e103a2c
4.87,0.2,5.13,0.19,50,32,50,黑体,300,62711d5e96f14ef90e103a2d
3.08,0.32,3.33,0.3,30,31,38,黑体,300,62711d6196f14ef90e103a2e
2,0.5,2,0.5,24,15,30,黑体,300,62711d7b96f14ef90e103a2f
2,0.5,2,0.5,24,18,30,行楷,300,62711dbb96f14ef90e103a30
2.02,0.46,7.31,0.12,69,73,75,宋体,700,62711dca96f14ef90e103a31
2,0.5,2,0.5,24,18,30,黑体,300,62711dff96f14ef90e103a32
21,0,2.91,0.34,35,24,51,宋体,300,62711dff96f14ef90e103a33
2,0.5,2,0.5,24,18,30,黑体,300,62711e4796f14ef90e103a34
2,0.5,2,0.5,24,18,30,黑体,300,62711e5396f14ef90e103a35
21,0,9.49,0.08,30,22,32,黑体,700,62711e9396f14ef90e103a36
2,0.5,2,0.5,24,18,30,黑体,300,62711f6b96f14ef90e103a37
2.65,0.37,2.91,0.34,24,18,45,黑体,300,62711f7396f14ef90e103a38
1.73,0.52,21,0,20,21,32,黑体,700,6271200396f14ef90e103a39
2.56,0.38,2.27,0.42,16,18,43,黑体,700,6271207c96f14ef90e103a3a
1.01,0.73,1.81,0.5,24,33,30,黑体,300,627120aa96f14ef90e103a3b
2,0.5,2,0.5,24,18,30,黑体,300,627120c596f14ef90e103a3c
2,0.5,2,0.5,24,21,30,黑体,300,6271210d96f14ef90e103a3d
2,0.5,2,0.5,24,21,30,黑体,300,6271210d96f14ef90e103a3e
3.54,0.28,3.2,0.31,32,20,30,宋体,300,6271212696f14ef90e103a3f
2,0.5,2,0.5,24,21,30,黑体,300,6271214796f14ef90e103a40
2,0.5,2,0.5,24,21,30,黑体,300,6271214896f14ef90e103a41
2,0.5,2,0.5,24,21,30,黑体,300,6271214896f14ef90e103a42
2,0.5,2,0.5,24,18,30,黑体,300,6271214b96f14ef90e103a43
1.63,0.54,1.81,0.5,24,18,30,黑体,300,6271214d96f14ef90e103a44
2,0.5,2,0.5,24,18,30,黑体,300,6271215f96f14ef90e103a45
1.01,0.73,1.81,0.5,24,33,30,黑体,300,6271216296f14ef90e103a46
1.01,0.73,1.81,0.5,24,33,30,黑体,300,6271216296f14ef90e103a47
2,0.5,2,0.5,24,18,30,黑体,300,627121f796f14ef90e103a48
2.56,0.38,2.8,0.35,21,22,34,黑体,300,6271222196f14ef90e103a49
2.35,0.41,2.8,0.35,24,18,30,黑体,300,6271225296f14ef90e103a4a
21,0,21,0,54,48,59,黑体,300,6271227c96f14ef90e103a4b
1.01,0.73,1.81,0.5,24,33,30,黑体,300,627122b196f14ef90e103a4c
1.36,0.61,1.81,0.5,24,33,30,黑体,300,627122cb96f14ef90e103a4d
1.01,0.73,1.81,0.5,24,33,30,黑体,300,627122cb96f14ef90e103a4e
2,0.5,2,0.5,24,18,30,黑体,700,6271247596f14ef90e103a4f
2,0.5,2,0.5,24,18,30,黑体,300,6271251e96f14ef90e103a50
2,0.5,2,0.5,24,19,30,黑体,300,6271253496f14ef90e103a51
1.01,0.73,1.81,0.5,24,18,30,黑体,300,6271261696f14ef90e103a52
1.01,0.73,1.81,0.5,24,18,30,黑体,300,6271262496f14ef90e103a53
1.96,0.47,1.81,0.5,24,18,30,黑体,300,6271262496f14ef90e103a54
2,0.5,2,0.5,24,18,30,黑体,300,6271269496f14ef90e103a55
4.64,0.21,3.2,0.31,25,26,46,宋体,300,6271277996f14ef90e103a56
1.58,0.55,1.81,0.5,25,15,23,黑体,300,627127d796f14ef90e103a57
2,0.5,2,0.5,24,18,30,黑体,300,6271280496f14ef90e103a58
7.83,0.11,8.43,0.1,41,23,41,黑体,300,6271280496f14ef90e103a59
2,0.5,2,0.5,24,18,30,黑体,300,6271282696f14ef90e103a5a
2.7,0.36,3.2,0.31,37,27,64,黑体,700,6271286896f14ef90e103a5b
1.63,0.54,1.56,0.56,34,26,31,行楷,700,6271286e96f14ef90e103a5c
2,0.5,2,0.5,24,18,30,黑体,300,6271289a96f14ef90e103a5d
2,0.5,2,0.5,24,18,30,黑体,300,6271289a96f14ef90e103a5e
2,0.5,2,0.5,24,18,30,黑体,300,627128a896f14ef90e103a5f
2,0.5,2,0.5,24,18,30,黑体,300,627128a896f14ef90e103a60
2,0.5,2,0.5,24,18,30,黑体,300,627128bd96f14ef90e103a61
2,0.5,2,0.5,24,18,30,黑体,300,627128bd96f14ef90e103a62
2,0.5,2,0.5,24,18,30,黑体,300,627128bd96f14ef90e103a63
2,0.5,2,0.5,24,18,30,黑体,300,627128fd96f14ef90e103a64
2,0.5,2,0.5,24,18,30,黑体,300,6271299b96f14ef90e103a65
2,0.5,2,0.5,24,18,30,黑体,300,627129c696f14ef90e103a66
2.2,0.43,1.81,0.5,24,18,30,黑体,700,627129de96f14ef90e103a67
2.7,0.36,3.54,0.28,42,31,51,行楷,700,62712b0296f14ef90e103a68
2,0.5,2,0.5,24,18,80,黑体,700,62712b4896f14ef90e103a69
21,0,10.33,0.07,9,25,30,黑体,300,62712c7596f14ef90e103a6a
11.9,0.05,16.81,0.02,29,19,44,黑体,300,62712d6396f14ef90e103a6b
2.09,0.45,2.2,0.43,35,12,39,黑体,300,62712dd596f14ef90e103a6c
21,0,21,0,0,59,120,黑体,700,62712e2496f14ef90e103a6d
2,0.5,2,0.5,24,18,30,黑体,300,62712e9b96f14ef90e103a6e
1.81,0.5,1.9,0.48,24,18,36,行楷,300,62712efe96f14ef90e103a6f
1.9,0.48,1.51,0.57,24,18,30,黑体,300,62712f1796f14ef90e103a70
2,0.5,2,0.5,50,18,30,黑体,300,62712f2996f14ef90e103a71
1.63,0.54,1.56,0.56,65,49,79,黑体,300,62712f4596f14ef90e103a72
0.24,4.12,0.35,2.8,35,28,51,黑体,300,627130de96f14ef90e103a73
0.24,4.12,0.35,2.8,35,28,51,黑体,300,6271319796f14ef90e103a74
3.86,0.26,3.96,0.25,31,18,29,黑体,300,627131cd96f14ef90e103a75
3.86,0.26,3.96,0.25,31,18,29,黑体,300,627131dc96f14ef90e103a76
3.86,0.26,3.96,0.25,31,18,29,黑体,300,627131dc96f14ef90e103a77
3.86,0.26,3.96,0.25,31,18,29,黑体,300,627131dc96f14ef90e103a78
10.33,0.07,8.76,0.09,42,31,49,黑体,300,627131fa96f14ef90e103a79
2,0.5,2,0.5,24,18,30,黑体,700,6271321c96f14ef90e103a7a
21,0,21,0,49,35,72,黑体,300,6271331796f14ef90e103a7b
2,0.5,2,0.5,24,18,30,黑体,300,6271339e96f14ef90e103a7c
11.33,0.06,3.54,0.28,25,18,41,行楷,300,627133ce96f14ef90e103a7d
11.33,0.06,5.13,0.19,24,18,30,宋体,300,627133d896f14ef90e103a7e
5.41,0.18,6.63,0.14,38,28,51,宋体,300,6271340e96f14ef90e103a7f
2,0.5,2,0.5,24,18,30,黑体,300,627135b996f14ef90e103a80
2,0.5,2,0.5,24,18,30,黑体,300,627139df96f14ef90e103a81
4.32,0.23,3.33,0.3,39,26,43,行楷,700,6271a1c196f14ef90e103a82
1.81,0.5,2.02,0.46,24,38,30,行楷,300,6271b88d96f14ef90e103a83
2,0.5,2,0.5,24,18,30,黑体,300,6271d03e96f14ef90e103a84
